{"train_metrics/test_loss": 2.899970293045044, "train_metrics/test_acc": 0.42724609375, "train_metrics/train_loss": 1.3226655692857712, "train_metrics/train_acc": 0.6873974116312133, "train_metrics/num_steps": 5940, "train_metrics/test_acc_avg": 0.29764340049342103, "train_metrics/num_steps_avg": 3638.9473684210525, "_timestamp": 1720783651.4780033, "_runtime": 14243.814803361893, "_step": 38, "_wandb": {"runtime": 14453}}