{"train_metrics/train_loss": 0.03686883198623867, "train_metrics/train_acc": 113.23846416623932, "train_metrics/test_loss": 1.937202560901642, "train_metrics/test_acc": 0.59384765625, "train_metrics/test_acc_avg": 0.5082199622844827, "train_metrics/train_acc_at_last_epoch": 0.9995870044052864, "train_metrics/num_epochs": 3, "train_metrics/num_steps": 681, "train_metrics/num_steps_avg": 468.58620689655174, "_timestamp": 1720750103.4422333, "_runtime": 868.6606314182281, "_step": 29, "metrics/epoch0_prev_acc": 1.0, "metrics/epoch0_prev_gradnorm": 13.353844913510574, "metrics/epoch0_all_gradnorm": 92.80961511405454, "metrics/epoch0_current_gradnorm": 96.80152982407435, "metrics/epoch1_prev_acc": 0.9988941210045662, "metrics/epoch2_prev_acc": 1.0, "metrics/epoch3_prev_acc": 1.0, "metrics/epoch4_prev_acc": 0.9998507165605095, "metrics/epoch5_prev_acc": 0.9994028662420382, "_wandb": {"runtime": 873}}