{"train_metrics/train_loss": 0.08984451437841706, "train_metrics/train_acc": 20.223325047348485, "train_metrics/test_loss": 2.150902438163757, "train_metrics/test_acc": 0.44745894372463224, "train_metrics/test_acc_avg": 0.39175980448722847, "train_metrics/train_acc_at_last_epoch": 0.9998046875, "train_metrics/num_epochs": 33, "train_metrics/num_steps": 1320, "train_metrics/num_steps_avg": 396.8, "_timestamp": 1720749211.4838502, "_runtime": 96.03862428665161, "_step": 5, "metrics/epoch0_prev_acc": 1.0, "metrics/epoch0_prev_gradnorm": 19.901314180934236, "metrics/epoch0_all_gradnorm": 70.14626434061664, "metrics/epoch0_current_gradnorm": 53.62447490063628, "metrics/epoch1_prev_acc": 0.9970703125, "metrics/epoch2_prev_acc": 0.998046875, "metrics/epoch3_prev_acc": 0.999755859375, "metrics/epoch4_prev_acc": 0.999755859375, "metrics/epoch5_prev_acc": 0.999267578125, "_wandb": {"runtime": 95}}