{"epoch": 25, "loss": 1.2622296883135427, "train_accuracy": 0.55268, "test_accuracy": 0.5391, "_timestamp": 1716972532.3363752, "_runtime": 179.53239822387695, "_step": 25}