{"_wandb": {"runtime": 82}, "train_metrics/test_loss": 3.373515945672989, "train_metrics/test_acc": 0.41513671875, "train_metrics/train_loss": 0.8579219621729435, "train_metrics/train_acc": 0.7030441380242872, "train_metrics/num_steps": 1360, "train_metrics/test_acc_avg": 0.41513671875, "train_metrics/num_steps_avg": 1360.0, "_timestamp": 1720769226.9288924, "_runtime": 81.83291625976562, "_step": 1}