{"train_metrics/test_loss": 3.553314620256424, "train_metrics/test_acc": 0.3275390625, "train_metrics/train_loss": 1.662346061232007, "train_metrics/train_acc": 0.6035413602941176, "train_metrics/num_steps": 8500, "train_metrics/test_acc_avg": 0.2232696533203125, "train_metrics/num_steps_avg": 5164.75, "_timestamp": 1720783603.9106865, "_runtime": 13892.025872468948, "_step": 32, "_wandb": {"runtime": 14149}}