{"epoch": 10, "loss": 1.307546811030649, "train_accuracy": 0.53436, "test_accuracy": 0.5254, "_timestamp": 1716972552.3175747, "_runtime": 133.9194507598877, "_step": 10}