{"epoch": 199, "loss": 7.369130563973139e-05, "train_accuracy": 1.0, "test_accuracy": 0.8135, "_timestamp": 1717039921.373682, "_runtime": 2024.5415580272675, "_step": 149, "_wandb": {"runtime": 2018}}