{"epoch": 6, "loss": 1.2817951410322848, "train_accuracy": 0.54054, "test_accuracy": 0.5522, "_timestamp": 1716972554.154534, "_runtime": 126.03249216079712, "_step": 6}