{"epoch": 99, "loss": 1.7124324814429904e-05, "train_accuracy": 1.0, "test_accuracy": 0.821, "_timestamp": 1717039449.1305437, "_runtime": 1600.0652828216553, "_step": 99, "_wandb": {"runtime": 1595}}