{"epoch": 0, "loss": 1.5997822558393284, "train_accuracy": 0.42436, "test_accuracy": 0.4949, "_timestamp": 1716972168.9768257, "_runtime": 23.72552180290222, "_step": 0, "_wandb": {"runtime": 26}}