{"epoch": 149, "loss": 1.7494521657949116e-05, "train_accuracy": 1.0, "test_accuracy": 0.8182, "_timestamp": 1717041791.9356337, "_runtime": 2421.1329185962677, "_step": 149, "_wandb": {"runtime": 2415}}