{"train_metrics/train_loss": 1.5953185735072226, "train_metrics/train_acc": 0.6754947852741323, "train_metrics/test_loss": 4.307108616828918, "train_metrics/test_acc": 0.1240234375, "train_metrics/test_acc_avg": 0.098876953125, "train_metrics/train_acc_at_last_epoch": 0.9990857712765957, "train_metrics/num_epochs": 8, "train_metrics/num_steps": 752, "train_metrics/num_steps_avg": 977.3333333333334, "_timestamp": 1720751547.0392163, "_runtime": 530.7356083393097, "_step": 6, "metrics/epoch0_prev_acc": 0.005439082278481013, "metrics/epoch0_prev_gradnorm": 1442.820681621697, "metrics/epoch0_all_gradnorm": 1704.4984130345113, "metrics/epoch0_current_gradnorm": 290.0916905290583, "metrics/epoch1_prev_acc": 0.17029272151898733, "metrics/epoch2_prev_acc": 0.25286787974683544, "metrics/epoch3_prev_acc": 0.5140427215189873, "metrics/epoch4_prev_acc": 0.6698971518987342, "metrics/epoch5_prev_acc": 0.8962618670886076, "_wandb": {"runtime": 542}}