{"epoch": 12, "loss": 1.6534004510211213, "train_accuracy": 0.39598, "test_accuracy": 0.3899, "_timestamp": 1716972541.1695693, "_runtime": 128.23826432228088, "_step": 12}