{"epoch": 139, "loss": 1.5134918604461375e-05, "train_accuracy": 1.0, "test_accuracy": 0.7992, "_timestamp": 1717041210.6274068, "_runtime": 1843.9428079128265, "_step": 139, "_wandb": {"runtime": 1842}}