{"train_metrics/train_loss": 0.053596745745194116, "train_metrics/train_acc": 0.9848529543432024, "train_metrics/test_loss": 0.9089971750974655, "train_metrics/test_acc": 0.855078125, "train_metrics/test_acc_avg": 0.7678203124999999, "train_metrics/train_acc_at_last_epoch": 0.9996403452685422, "train_metrics/num_epochs": 25, "train_metrics/num_steps": 9775, "train_metrics/num_steps_avg": 5940.36, "_timestamp": 1720767069.7705252, "_runtime": 15069.35918021202, "_step": 50, "metrics/epoch0_prev_acc": 0.10023348062608012, "metrics/epoch0_prev_gradnorm": 1004.1670948919567, "metrics/epoch0_all_gradnorm": 1023.4049923318591, "metrics/epoch0_current_gradnorm": 20.959329738362822, "metrics/epoch1_prev_acc": 0.8940613075273778, "metrics/epoch2_prev_acc": 0.9324490988223422, "metrics/epoch3_prev_acc": 0.9774804177545692, "metrics/epoch4_prev_acc": 0.9801996510582867, "metrics/epoch5_prev_acc": 0.9826615535248042, "_wandb": {"runtime": 15068}}