{"epoch": 199, "loss": 1.497748207676497e-05, "train_accuracy": 1.0, "test_accuracy": 0.7992, "_timestamp": 1717040804.7987921, "_runtime": 3024.848053216934, "_step": 199, "_wandb": {"runtime": 3020}}