{"_wandb": {"runtime": 17}, "train_metrics/train_loss": 1.238032709620893, "train_metrics/train_acc": 3.3869065535254776, "train_metrics/test_loss": 1.9076126337051391, "train_metrics/test_acc": 0.29873046875, "train_metrics/test_acc_avg": 0.29873046875, "train_metrics/train_acc_at_last_epoch": 0.9990234375, "train_metrics/num_epochs": 20, "train_metrics/num_steps": 160, "train_metrics/num_steps_avg": 160.0, "_timestamp": 1720749550.4721656, "_runtime": 16.79442048072815, "_step": 1}