{"train_metrics/test_loss": 0.9163173481822013, "train_metrics/test_acc": 0.8529296875, "train_metrics/train_loss": 0.06078614173796327, "train_metrics/train_acc": 0.9818315972222224, "train_metrics/num_steps": 9000, "train_metrics/test_acc_avg": 0.7674173990885415, "train_metrics/num_steps_avg": 5561.645833333333, "_timestamp": 1720783080.2801802, "_runtime": 13395.807994127274, "_step": 48}