{"train_metrics/test_loss": 1.362021991610527, "train_metrics/test_acc": 0.67509765625, "train_metrics/train_loss": 0.575981225717623, "train_metrics/train_acc": 0.8021779092493758, "train_metrics/num_steps": 5083, "train_metrics/test_acc_avg": 0.57604296875, "train_metrics/num_steps_avg": 2833.46, "_timestamp": 1720775704.1097608, "_runtime": 5761.389800786972, "_step": 50, "_wandb": {"runtime": 5760}}