{"train_metrics/train_loss": 1.004338622735492, "train_metrics/train_acc": 0.9824300859955305, "train_metrics/test_loss": 1.877470427751541, "train_metrics/test_acc": 0.3546875, "train_metrics/test_acc_avg": 0.3328125, "train_metrics/train_acc_at_last_epoch": 0.999267578125, "train_metrics/num_epochs": 29, "train_metrics/num_steps": 928, "train_metrics/num_steps_avg": 418.0, "_timestamp": 1720750908.3194375, "_runtime": 90.20870351791382, "_step": 4, "metrics/epoch0_prev_acc": 1.0, "metrics/epoch0_prev_gradnorm": 120.7041495243402, "metrics/epoch0_all_gradnorm": 135.60471338978184, "metrics/epoch0_current_gradnorm": 48.673137242304946, "metrics/epoch1_prev_acc": 0.9925130208333334, "metrics/epoch2_prev_acc": 0.98828125, "metrics/epoch3_prev_acc": 0.9977213541666666, "metrics/epoch4_prev_acc": 0.9989304343859354, "metrics/epoch5_prev_acc": 0.9964192708333334, "_wandb": {"runtime": 97}}