{"epoch": 25, "loss": 1.6516124131728191, "train_accuracy": 0.40068, "test_accuracy": 0.3943, "_timestamp": 1716972539.4933066, "_runtime": 144.80443859100342, "_step": 25}