{"_wandb": {"runtime": 16}, "train_metrics/test_loss": 1.9076126337051391, "train_metrics/test_acc": 0.29873046875, "train_metrics/train_loss": 1.238032709620893, "train_metrics/train_acc": 0.7543381941504776, "train_metrics/num_steps": 160, "train_metrics/test_acc_avg": 0.29873046875, "train_metrics/num_steps_avg": 160.0, "_timestamp": 1720769903.5783525, "_runtime": 16.65716242790222, "_step": 1}