{"train_metrics/train_loss": 0.21911434257916013, "train_metrics/train_acc": 0.9369172556688258, "train_metrics/test_loss": 1.6036393225193024, "train_metrics/test_acc": 0.70615234375, "train_metrics/test_acc_avg": 0.6040364583333334, "train_metrics/train_acc_at_last_epoch": 0.9995598591549296, "train_metrics/num_epochs": 23, "train_metrics/num_steps": 1633, "train_metrics/num_steps_avg": 1307.4444444444443, "_timestamp": 1720751430.5426698, "_runtime": 601.8083457946777, "_step": 9, "metrics/epoch0_prev_acc": 0.10032242063492064, "metrics/epoch0_prev_gradnorm": 163.96249009961053, "metrics/epoch0_all_gradnorm": 184.77961941280495, "metrics/epoch0_current_gradnorm": 20.28781149436049, "metrics/epoch1_prev_acc": 0.396453373015873, "metrics/epoch2_prev_acc": 0.6509176587301587, "metrics/epoch3_prev_acc": 0.7565724206349206, "metrics/epoch4_prev_acc": 0.8880208333333334, "metrics/epoch5_prev_acc": 0.8663194444444444, "_wandb": {"runtime": 632}}