{"train_metrics/test_loss": 1.2947982937097549, "train_metrics/test_acc": 0.6966796875, "train_metrics/train_loss": 0.7265088895227815, "train_metrics/train_acc": 0.7371611362098208, "train_metrics/num_steps": 1656, "train_metrics/num_epochs": 69, "train_metrics/test_acc_avg": 0.5642252604166667, "train_metrics/num_steps_avg": 1533.3333333333333, "_timestamp": 1720783523.5547774, "_runtime": 286.97766733169556, "_step": 3}