{"_wandb": {"runtime": 34}, "train_metrics/train_loss": 1.2588826273567975, "train_metrics/train_acc": 0.5560159829574352, "train_metrics/test_loss": 2.0587868720293043, "train_metrics/test_acc": 0.38154296875, "train_metrics/test_acc_avg": 0.38154296875, "train_metrics/train_acc_at_last_epoch": 0.9990234375, "train_metrics/num_epochs": 20, "train_metrics/num_steps": 160, "train_metrics/num_steps_avg": 160.0, "_timestamp": 1720751508.8025894, "_runtime": 20.475066423416138, "_step": 1}