{"epoch": 99, "loss": 0.0030033388574038397, "train_accuracy": 1.0, "test_accuracy": 0.7864, "_timestamp": 1717039371.1855671, "_runtime": 1511.6205852031708, "_step": 99, "_wandb": {"runtime": 1506}}