{"epoch": 142, "loss": 1.4517565780799784e-05, "train_accuracy": 1.0, "test_accuracy": 0.8213, "_timestamp": 1717043130.1705759, "_runtime": 2054.15012383461, "_step": 142, "_wandb": {"runtime": 2050}}