{"epoch": 99, "loss": 0.0028925960607495624, "train_accuracy": 0.99998, "test_accuracy": 0.7887, "_timestamp": 1717034569.4874892, "_runtime": 1258.842145204544, "_step": 99, "_wandb": {"runtime": 1257}}