{"train_metrics/test_loss": 0.3496770575642586, "train_metrics/test_acc": 0.91103515625, "train_metrics/train_loss": 0.18220310627105782, "train_metrics/train_acc": 0.9383105836690424, "train_metrics/num_steps": 21672, "train_metrics/test_acc_avg": 0.8284224076704546, "train_metrics/num_steps_avg": 9711.0, "_timestamp": 1720781478.2625794, "_runtime": 11629.004452466965, "_step": 22}