{"epoch": 142, "loss": 1.5989638171368264e-05, "train_accuracy": 1.0, "test_accuracy": 0.8204, "_timestamp": 1717043247.6452513, "_runtime": 2173.366789340973, "_step": 142, "_wandb": {"runtime": 2168}}