{"train_metrics/train_loss": 0.13726934988728978, "train_metrics/train_acc": 27.25363507270813, "train_metrics/test_loss": 1.8487608820199966, "train_metrics/test_acc": 0.453515625, "train_metrics/test_acc_avg": 0.3915876116071429, "train_metrics/train_acc_at_last_epoch": 0.9994318181818181, "train_metrics/num_epochs": 4, "train_metrics/num_steps": 220, "train_metrics/num_steps_avg": 201.14285714285714, "_timestamp": 1720749333.9090078, "_runtime": 100.22382879257202, "_step": 7, "metrics/epoch0_prev_acc": 1.0, "metrics/epoch0_prev_gradnorm": 12.42038979406998, "metrics/epoch0_all_gradnorm": 65.47872681267302, "metrics/epoch0_current_gradnorm": 66.8025670968146, "metrics/epoch1_prev_acc": 0.9939922119708772, "metrics/epoch2_prev_acc": 1.0, "metrics/epoch3_prev_acc": 1.0, "metrics/epoch4_prev_acc": 1.0, "metrics/epoch5_prev_acc": 1.0, "_wandb": {"runtime": 103}}