{"epoch": 199, "loss": 1.635123049427909e-05, "train_accuracy": 1.0, "test_accuracy": 0.7987, "_timestamp": 1717035078.6243296, "_runtime": 1944.744050502777, "_step": 199, "_wandb": {"runtime": 1943}}