{"train_metrics/test_loss": 1.3384548246860504, "train_metrics/test_acc": 0.69765625, "train_metrics/train_loss": 0.6135208188780141, "train_metrics/train_acc": 0.7799415765988704, "train_metrics/num_steps": 1584, "train_metrics/num_epochs": 66, "train_metrics/test_acc_avg": 0.5597005208333333, "train_metrics/num_steps_avg": 1626.6666666666667, "_timestamp": 1720783735.7440875, "_runtime": 361.04880452156067, "_step": 3}