{"epoch": 199, "loss": 0.0018024888292164601, "train_accuracy": 1.0, "test_accuracy": 0.7846, "_timestamp": 1717040069.8344543, "_runtime": 2149.856876373291, "_step": 129, "_wandb": {"runtime": 2144}}