{"train_metrics/train_loss": 0.549813957918774, "train_metrics/train_acc": 0.8001510587863967, "train_metrics/test_loss": 1.1239822134375572, "train_metrics/test_acc": 0.70302734375, "train_metrics/test_acc_avg": 0.59674072265625, "train_metrics/train_acc_at_last_epoch": 0.9996875, "train_metrics/num_epochs": 11, "train_metrics/num_steps": 1375, "train_metrics/num_steps_avg": 802.5625, "_timestamp": 1720750733.1778958, "_runtime": 586.2605767250061, "_step": 16, "metrics/epoch0_prev_acc": 0.09853901837210534, "metrics/epoch0_prev_gradnorm": 285.5649719642495, "metrics/epoch0_all_gradnorm": 293.1818852206416, "metrics/epoch0_current_gradnorm": 42.060007816146936, "metrics/epoch1_prev_acc": 0.4936440677966102, "metrics/epoch2_prev_acc": 0.5644862288135594, "metrics/epoch3_prev_acc": 0.7154837573988962, "metrics/epoch4_prev_acc": 0.7714954099412692, "metrics/epoch5_prev_acc": 0.8444341456486006, "_wandb": {"runtime": 652}}