{"epoch": 144, "loss": 1.442698582715467e-05, "train_accuracy": 1.0, "test_accuracy": 0.8199, "_timestamp": 1717042959.41444, "_runtime": 1949.164657831192, "_step": 144, "_wandb": {"runtime": 1943}}