{"train_metrics/train_loss": 0.7389880794336399, "train_metrics/train_acc": 0.7528152587026467, "train_metrics/test_loss": 1.5237612456083298, "train_metrics/test_acc": 0.5720703125, "train_metrics/test_acc_avg": 0.47572021484374993, "train_metrics/train_acc_at_last_epoch": 0.999625, "train_metrics/num_epochs": 15, "train_metrics/num_steps": 1875, "train_metrics/num_steps_avg": 1043.5625, "_timestamp": 1720751548.5724688, "_runtime": 690.636394739151, "_step": 16, "metrics/epoch0_prev_acc": 0.09836246471031238, "metrics/epoch0_prev_gradnorm": 325.3012494205085, "metrics/epoch0_all_gradnorm": 343.21010894886984, "metrics/epoch0_current_gradnorm": 29.022905047464757, "metrics/epoch1_prev_acc": 0.3731241173158258, "metrics/epoch2_prev_acc": 0.4836467161016949, "metrics/epoch3_prev_acc": 0.5572916668350414, "metrics/epoch4_prev_acc": 0.6177392303943634, "metrics/epoch5_prev_acc": 0.6841234110169492, "_wandb": {"runtime": 700}}