{"epoch": 199, "loss": 0.0047235790076796584, "train_accuracy": 1.0, "test_accuracy": 0.7814, "_timestamp": 1717040428.7390459, "_runtime": 2517.1912817955017, "_step": 199, "_wandb": {"runtime": 2511}}