{"epoch": 159, "loss": 1.040110360799704e-05, "train_accuracy": 1.0, "test_accuracy": 0.8141, "_timestamp": 1717043366.8938258, "_runtime": 2340.3727066516876, "_step": 159, "_wandb": {"runtime": 2338}}