{"train_metrics/test_loss": 0.3203841593116522, "train_metrics/test_acc": 0.91904296875, "train_metrics/train_loss": 0.17124019405858074, "train_metrics/train_acc": 0.9418859707446807, "train_metrics/num_steps": 23500, "train_metrics/test_acc_avg": 0.8308186848958333, "train_metrics/num_steps_avg": 9648.125, "_timestamp": 1720782019.7204726, "_runtime": 12696.199937582016, "_step": 24}