{"_wandb": {"runtime": 117}, "train_metrics/test_loss": 4.963193905353546, "train_metrics/test_acc": 0.0380859375, "train_metrics/train_loss": 2.95271408995523, "train_metrics/train_acc": 0.6916034593183583, "train_metrics/num_steps": 1648, "train_metrics/test_acc_avg": 0.0380859375, "train_metrics/num_steps_avg": 1648.0, "_timestamp": 1720768420.0472229, "_runtime": 118.62479996681213, "_step": 1}