{"epoch": 199, "loss": 1.3976500834818431e-05, "train_accuracy": 1.0, "test_accuracy": 0.8045, "_timestamp": 1717040769.700372, "_runtime": 2900.5658218860626, "_step": 199, "_wandb": {"runtime": 2894}}