{"train_metrics/train_loss": 0.28946087868241066, "train_metrics/train_acc": 0.8941176182054579, "train_metrics/test_loss": 1.3591611355543136, "train_metrics/test_acc": 0.72099609375, "train_metrics/test_acc_avg": 0.6028846153846155, "train_metrics/train_acc_at_last_epoch": 0.9990042892156863, "train_metrics/num_epochs": 16, "train_metrics/num_steps": 1632, "train_metrics/num_steps_avg": 1070.2307692307693, "_timestamp": 1720750789.077668, "_runtime": 583.5961809158325, "_step": 13, "metrics/epoch0_prev_acc": 0.09588320038103043, "metrics/epoch0_prev_gradnorm": 1435.3985074510415, "metrics/epoch0_all_gradnorm": 1573.01946807226, "metrics/epoch0_current_gradnorm": 134.23660091295133, "metrics/epoch1_prev_acc": 0.5489527925531915, "metrics/epoch2_prev_acc": 0.7476451688624443, "metrics/epoch3_prev_acc": 0.7932457892184562, "metrics/epoch4_prev_acc": 0.8284574468085106, "metrics/epoch5_prev_acc": 0.9142564275163285, "_wandb": {"runtime": 596}}