{"train_metrics/train_loss": 0.1381183476906583, "train_metrics/train_acc": 71.62057566336071, "train_metrics/test_loss": 1.181872421503067, "train_metrics/test_acc": 0.7595703125, "train_metrics/test_acc_avg": 0.6518297697368421, "train_metrics/train_acc_at_last_epoch": 0.9993708053691275, "train_metrics/num_epochs": 12, "train_metrics/num_steps": 1788, "train_metrics/num_steps_avg": 1134.0526315789473, "_timestamp": 1720750766.8943362, "_runtime": 951.8564131259918, "_step": 19, "metrics/epoch0_prev_acc": 0.0991688829892916, "metrics/epoch0_prev_gradnorm": 2414.0663773546835, "metrics/epoch0_all_gradnorm": 2537.680355364419, "metrics/epoch0_current_gradnorm": 145.3836927090298, "metrics/epoch1_prev_acc": 0.8617353722558799, "metrics/epoch2_prev_acc": 0.910837766126538, "metrics/epoch3_prev_acc": 0.9329011524822695, "metrics/epoch4_prev_acc": 0.9693816490207158, "metrics/epoch5_prev_acc": 0.9716976952890978, "_wandb": {"runtime": 987}}