{"train_metrics/train_loss": 0.6503512715457805, "train_metrics/train_acc": 0.8417749369033237, "train_metrics/test_loss": 3.0699367463588714, "train_metrics/test_acc": 0.40615234375, "train_metrics/test_acc_avg": 0.25685017903645835, "train_metrics/train_acc_at_last_epoch": 0.9996770833333334, "train_metrics/num_epochs": 7, "train_metrics/num_steps": 5250, "train_metrics/num_steps_avg": 2785.0625, "_timestamp": 1720769117.0181966, "_runtime": 17114.87638258934, "_step": 48, "metrics/epoch0_prev_acc": 0.005038265306122449, "metrics/epoch0_prev_gradnorm": 7230.317001597062, "metrics/epoch0_all_gradnorm": 7395.381058062427, "metrics/epoch0_current_gradnorm": 193.32170600461657, "metrics/epoch1_prev_acc": 0.6190688775510204, "metrics/epoch2_prev_acc": 0.7721903345211834, "metrics/epoch3_prev_acc": 0.8911033163265306, "metrics/epoch4_prev_acc": 0.9621492346938776, "metrics/epoch5_prev_acc": 0.9951743197278912, "_wandb": {"runtime": 17688}}