{"train_metrics/train_loss": 1.4884931906393029, "train_metrics/train_acc": 0.6562126395599899, "train_metrics/test_loss": 3.0430311143398283, "train_metrics/test_acc": 0.352734375, "train_metrics/test_acc_avg": 0.256828125, "train_metrics/train_acc_at_last_epoch": 0.9992407289002557, "train_metrics/num_epochs": 26, "train_metrics/num_steps": 10166, "train_metrics/num_steps_avg": 5703.44, "_timestamp": 1720761793.9765954, "_runtime": 9780.700191497803, "_step": 50, "metrics/epoch0_prev_acc": 0.010106509843204102, "metrics/epoch0_prev_gradnorm": 504.6751174832609, "metrics/epoch0_all_gradnorm": 514.5379218332192, "metrics/epoch0_current_gradnorm": 21.770736182949523, "metrics/epoch1_prev_acc": 0.12393772598190657, "metrics/epoch2_prev_acc": 0.18846028319538108, "metrics/epoch3_prev_acc": 0.2387245179934539, "metrics/epoch4_prev_acc": 0.291745644247563, "metrics/epoch5_prev_acc": 0.3332355267540904, "_wandb": {"runtime": 9780}}