{"epoch": 199, "loss": 0.0014341119017340052, "train_accuracy": 1.0, "test_accuracy": 0.7787, "_timestamp": 1717040230.6591518, "_runtime": 2313.4471158981323, "_step": 149, "_wandb": {"runtime": 2312}}