{"_wandb": {"runtime": 80}, "train_metrics/train_loss": 0.8579219621729435, "train_metrics/train_acc": 0.7069761301075534, "train_metrics/test_loss": 3.373515945672989, "train_metrics/test_acc": 0.41513671875, "train_metrics/test_acc_avg": 0.41513671875, "train_metrics/train_acc_at_last_epoch": 1.0, "train_metrics/num_epochs": 170, "train_metrics/num_steps": 1360, "train_metrics/num_steps_avg": 1360.0, "_timestamp": 1720765524.536958, "_runtime": 81.2962908744812, "_step": 1}