{"train_metrics/test_loss": 0.30120381228625775, "train_metrics/test_acc": 0.921875, "train_metrics/train_loss": 0.14723973039277355, "train_metrics/train_acc": 0.950171183296156, "train_metrics/num_steps": 23312, "train_metrics/test_acc_avg": 0.8189412434895834, "train_metrics/num_steps_avg": 8730.708333333334, "_timestamp": 1720781256.576139, "_runtime": 11421.422113895416, "_step": 24}