{"train_metrics/train_loss": 0.15720110976918425, "train_metrics/train_acc": 0.9491563245819294, "train_metrics/test_loss": 0.2677116535604, "train_metrics/test_acc": 0.92822265625, "train_metrics/test_acc_avg": 0.8343191964285713, "train_metrics/train_acc_at_last_epoch": 0.9990724885844748, "train_metrics/num_epochs": 125, "train_metrics/num_steps": 27375, "train_metrics/num_steps_avg": 11196.107142857143, "_timestamp": 1720781038.088665, "_runtime": 17052.856803894043, "_step": 28, "metrics/epoch0_prev_acc": 0.9995556872037915, "metrics/epoch0_prev_gradnorm": 8.558262411159546, "metrics/epoch0_all_gradnorm": 13.71953709136186, "metrics/epoch0_current_gradnorm": 12.362021834397975, "metrics/epoch1_prev_acc": 0.6134799566314119, "metrics/epoch2_prev_acc": 0.7685525278909512, "metrics/epoch3_prev_acc": 0.8099921012376722, "metrics/epoch4_prev_acc": 0.8761873027724677, "metrics/epoch5_prev_acc": 0.8534878557327235}