{"epoch": 199, "loss": 0.0010868086380011086, "train_accuracy": 1.0, "test_accuracy": 0.7776, "_timestamp": 1717035728.2044108, "_runtime": 2038.6580867767334, "_step": 199, "_wandb": {"runtime": 2036}}