{"train_metrics/test_loss": 1.4347736656665802, "train_metrics/test_acc": 0.68125, "train_metrics/train_loss": 0.6217849157972507, "train_metrics/train_acc": 0.7780956585362484, "train_metrics/num_steps": 1704, "train_metrics/num_epochs": 71, "train_metrics/test_acc_avg": 0.5483072916666667, "train_metrics/num_steps_avg": 1666.6666666666667, "_timestamp": 1720783680.90462, "_runtime": 328.02151799201965, "_step": 3}