{"train_metrics/train_loss": 2.091471253160387, "train_metrics/train_acc": 0.5368745828058117, "train_metrics/test_loss": 3.8557310938835143, "train_metrics/test_acc": 0.20986328125, "train_metrics/test_acc_avg": 0.15498046875, "train_metrics/train_acc_at_last_epoch": 0.9995, "train_metrics/num_epochs": 16, "train_metrics/num_steps": 2000, "train_metrics/num_steps_avg": 1852.25, "_timestamp": 1720764902.314852, "_runtime": 1233.2581930160522, "_step": 8, "metrics/epoch0_prev_acc": 0.005516098490492864, "metrics/epoch0_prev_gradnorm": 666.6021915555302, "metrics/epoch0_all_gradnorm": 806.7474014763687, "metrics/epoch0_current_gradnorm": 142.59699381755124, "metrics/epoch1_prev_acc": 0.08072916675697674, "metrics/epoch2_prev_acc": 0.11820549246939746, "metrics/epoch3_prev_acc": 0.15208333337848837, "metrics/epoch4_prev_acc": 0.1794034090909091, "metrics/epoch5_prev_acc": 0.2356297349387949, "_wandb": {"runtime": 1263}}