{"train_metrics/train_loss": 0.07598379976923267, "train_metrics/train_acc": 62.0060625, "train_metrics/test_loss": 1.983174777030945, "train_metrics/test_acc": 0.5228057205677032, "train_metrics/test_acc_avg": 0.4490867134183645, "train_metrics/train_acc_at_last_epoch": 0.9994375, "train_metrics/num_epochs": 3, "train_metrics/num_steps": 375, "train_metrics/num_steps_avg": 272.5625, "_timestamp": 1720749192.6278672, "_runtime": 321.9247713088989, "_step": 16, "metrics/epoch0_prev_acc": 1.0, "metrics/epoch0_prev_gradnorm": 42.379188355888104, "metrics/epoch0_all_gradnorm": 92.72068641151516, "metrics/epoch0_current_gradnorm": 93.38570748324436, "metrics/epoch1_prev_acc": 0.9930261302802522, "metrics/epoch2_prev_acc": 0.9999337923728814, "metrics/epoch3_prev_acc": 1.0, "metrics/epoch4_prev_acc": 1.0, "metrics/epoch5_prev_acc": 1.0, "_wandb": {"runtime": 339}}